{
  "model_type": "transformer",
  "model_size": "medium",
  "num_params": 6326016,
  "train_losses": [
    0.7632609662326616
  ],
  "val_losses": [
    0.8363793394886531
  ],
  "epoch_times": [
    8076.166576862335
  ],
  "best_val_loss": 0.8363793394886531
}