{
  "model_type": "transformer",
  "model_size": "small",
  "num_params": 2678592,
  "train_losses": [
    0.7795088987166126
  ],
  "val_losses": [
    0.8329671606039389
  ],
  "epoch_times": [
    4501.684776067734
  ],
  "best_val_loss": 0.8329671606039389
}