{
  "model_type": "lstm",
  "model_size": "large",
  "num_params": 25266213,
  "train_losses": [
    0.6358515953056656
  ],
  "val_losses": [
    1.1291492340361573
  ],
  "epoch_times": [
    35806.011831998825
  ],
  "best_val_loss": 1.1291492340361573
}